Date,Sleep_Score,Deep_Sleep,Restlessness,Resting_HR,Steps,Calories,Moderate_Activity,Vigorous_Activity,Fatigue,Mood,Readiness,Stress,Fluid_Intake,HR_7day_avg,Sleep_7day_avg,Steps_7day_avg,HR_Deviation,Sleep_Deviation,Steps_Deviation,HR_7day_std,Sleep_7day_std,Steps_7day_std,HR_Zscore,Sleep_Zscore,Steps_Zscore,Anomaly,Anomaly_Score
2019-11-07,71,44,0.0681818181818181,53.09000301361084,8710,3143.87,11,15,3,3,7,3,8.0,53.38686261858259,72.14285714285714,12765.42857142857,-0.2968596049717504,-1.1428571428571388,-4055.42857142857,0.7403446212892608,4.259443290250165,3672.364082220192,-0.4009748925504304,-0.268311388362214,-1.104310052225756,1,0.14580112830516767
2019-11-08,74,34,0.0564826700898587,53.342061042785645,12888,3640.23,38,54,3,3,7,3,8.0,53.329860823495046,71.85714285714286,12053.285714285714,0.0122002192905981,2.142857142857139,834.7142857142862,0.7237009365081662,4.017817460121497,2923.9030258819976,0.0168580952091395,0.5333386009010821,0.2854794698474974,1,0.16284297119796165
2019-11-09,74,36,0.0664112388250319,53.04067897796631,16450,3912.61,31,60,3,3,8,3,6.0,53.352601051330566,71.14285714285714,12529.285714285714,-0.3119220733642578,2.857142857142861,3920.7142857142862,0.7096284018647937,2.794552524023096,3364.191369620428,-0.4395569181624845,1.022397264886494,1.1654254633429637,1,0.10886128439912529
2019-11-10,81,52,0.0616113744075829,52.42062187194824,17843,4014.13,34,92,3,3,7,3,9.0,53.23811503819057,72.57142857142857,13033.714285714286,-0.817493166242329,8.42857142857143,4809.285714285714,0.7938535021247002,4.649628761422531,3898.355495773644,-1.0297783710147512,1.8127407285722208,1.233670382164901,1,0.07339979142159564
2019-11-12,70,50,0.0809523809523809,52.115116119384766,10392,3386.19,16,36,2,3,4,3,7.0,52.92439719608852,72.85714285714286,12951.142857142857,-0.8092810767037548,-2.857142857142861,-2559.142857142857,0.7305283399141361,4.375255094603871,3955.061416656359,-1.107802438983921,-0.6530231484483404,-0.647055149729224,1,0.1232521777659642
2019-11-13,76,28,0.056768558951965,51.88932704925537,11185,3312.92,24,33,3,3,7,2,6.0,52.87157099587576,73.28571428571429,12236.714285714286,-0.9822439466203932,2.714285714285708,-1051.7142857142862,0.7970005683643648,4.535573676110724,3717.910870111767,-1.232425653894064,0.5984437489312754,-0.2828777564758216,1,0.0709786796427967
2019-11-14,65,42,0.1075862068965517,51.93328094482422,19220,4556.27,53,121,3,2,7,2,8.0,52.54729843139648,73.0,13812.57142857143,-0.6140174865722656,-8.0,5407.428571428571,0.6030992940379866,5.033222956847165,4040.135635394058,-1.0181034742408293,-1.589438828478053,1.3384274834874823,-1,-0.0480159385798149
2019-11-15,74,58,0.1108108108108108,51.8710298538208,18259,4156.06,45,85,2,3,5,3,8.5,52.373159408569336,73.42857142857143,15176.714285714286,-0.5021295547485352,0.5714285714285694,3082.2857142857138,0.5962260032034989,4.961758520831864,3620.415892973519,-0.8421798983113999,0.115166542069598,0.8513623311254918,1,0.0814467102578928
2019-11-16,67,20,0.1079545454545454,51.38984966278076,15305,4010.37,47,64,2,3,6,3,8.5,52.09427206856864,72.42857142857143,15522.0,-0.7044224057878736,-5.428571428571431,-217.0,0.5190686084811243,5.503245795502348,3478.2216720617453,-1.3570892060861153,-0.986430850137214,-0.0623882030702693,1,0.11792911948763746
2019-11-17,71,49,0.1495327102803738,51.4826250076294,11916,3479.9,28,35,3,4,6,3,8.5,51.87169292994908,72.0,14874.285714285714,-0.3890679223196756,-1.0,-2958.2857142857138,0.3531357388273282,5.47722557505166,3692.1870535084263,-1.1017517615511496,-0.1825741858350553,-0.8012285594996229,1,0.03992433175671456
2019-11-18,72,8,0.0916552667578659,50.782002449035645,8241,3394.79,4,55,2,3,8,2,11.0,51.63760444096157,70.71428571428571,13502.57142857143,-0.8556019919259228,1.2857142857142918,-5261.571428571429,0.4565722864119346,3.81725406168211,4159.516913342336,-1.87396830116397,0.3368165348543055,-1.264947718254029,-1,-0.031455398030463266
2019-11-19,67,43,0.0853146853146853,53.02547550201416,7134,3002.13,6,25,2,3,5,3,8.0,51.76765578133719,70.28571428571429,13037.142857142857,1.25781972067697,-3.285714285714292,-5903.142857142857,0.6868435942118095,4.070801956792858,4711.266051659979,1.8313044356486816,-0.8071417672951376,-1.2529843979120918,1,0.10406877291095701
2019-11-20,74,39,0.0733727810650887,52.97533321380615,10116,3380.94,37,38,2,3,7,2,6.0,51.92279951913016,70.0,12884.42857142857,1.0525336946759936,4.0,-2768.42857142857,0.8272160706532675,3.651483716701104,4797.839057226453,1.2723806173697625,1.0954451150103333,-0.577015722788532,1,0.03563788324939582
2019-11-21,70,32,0.0942126514131897,52.90737247467041,19747,4533.03,55,137,3,3,7,3,10.0,52.06195545196533,70.71428571428571,12959.714285714286,0.8454170227050781,-0.7142857142857082,6787.285714285714,0.9073259240093292,2.927700218845596,4916.491015425728,0.9317677367459252,-0.2439750182371315,1.380514210844742,1,0.010494136444332058
2019-11-22,66,41,0.0939597315436241,53.683420181274414,10938,3372.09,43,41,2,3,4,3,10.0,52.32086835588728,69.57142857142857,11913.857142857143,1.3625518253871365,-3.5714285714285694,-975.8571428571432,1.0849643646929756,2.9920529661723765,4347.019723464626,1.2558493806132631,-1.1936381513985586,-0.2244887773546547,1,0.08029807192183108
2019-11-23,71,74,0.1027918781725888,53.23723602294922,20704,4451.29,44,121,3,3,8,3,8.0,52.5847806930542,70.14285714285714,12685.142857142857,0.6524553298950195,0.8571428571428612,8018.857142857143,1.0446906941197358,2.7945525240230813,5400.340619768702,0.624544023956089,0.3067191794659508,1.4848798821139162,1,0.03738024001611773
2019-11-24,80,55,0.0736949846468782,52.98031997680664,16517,3930.07,27,97,3,3,6,3,9.0,52.79873711722238,71.42857142857143,13342.42857142857,0.1815828595842603,8.57142857142857,3174.5714285714294,0.928218238370305,4.685336802448775,5568.504432883897,0.1956251795946928,1.8294156712381369,0.5700940830404146,1,0.07797719580463508
2019-11-25,71,22,0.0854341736694677,51.9393482208252,12481,3488.55,19,36,2,3,7,3,7.0,52.96407222747803,71.28571428571429,13948.142857142857,-1.024724006652825,-0.2857142857142918,-1467.1428571428569,0.5243273867317094,4.680252333449753,5134.827274880541,-1.954359113378072,-0.0610467695667373,-0.285723896560277,1,0.13278926526143087
2019-11-26,66,41,0.1345895020188425,51.33994960784912,16428,4021.36,44,73,3,3,7,3,8.0,52.72328281402588,71.14285714285714,15275.857142857143,-1.3833332061767578,-5.142857142857139,1152.1428571428569,0.8039135920517692,4.845223470201392,4194.760200876459,-1.7207486225555395,-1.0614282652773857,0.274662388782588,1,0.11515527808951764
2019-11-27,75,27,0.0816077953714981,51.493072509765625,10556,3238.26,18,25,2,3,5,3,8.0,52.51153128487723,71.28571428571429,15338.714285714286,-1.018458775111604,3.714285714285708,-4782.714285714286,0.9141188287922069,4.956957592256416,4106.93209562749,-1.1141426508600178,0.749307543015505,-1.1645467162231091,1,0.1295455218350039
2019-11-28,70,25,0.0817369093231162,49.97160625457764,17535,4367.32,36,104,3,3,7,3,7.0,52.09213611057827,71.28571428571429,15022.714285714286,-2.12052985600063,-1.2857142857142918,2512.2857142857138,1.2959528106984493,4.956957592256416,3783.583914504237,-1.636270887716797,-0.2593756879669072,0.6639962984975578,1,0.09819006595523722
2019-11-29,67,42,0.0947521865889212,51.81002712249756,16209,3913.69,55,60,2,3,4,3,8.0,51.824508530753,71.42857142857143,15775.714285714286,-0.0144814082554418,-4.428571428571431,433.28571428571377,1.0895710901134408,4.79086432205932,3332.8257137292976,-0.013290925564053,-0.9243783857915308,0.1300055122897154,1,0.10863800289037756
2019-11-30,74,40,0.0646298472385428,51.69850158691406,10782,3410.56,31,37,2,3,6,3,13.0,51.60468932560512,71.85714285714286,14358.285714285714,0.0938122613089404,2.142857142857139,-3576.2857142857138,0.894876747983731,4.879500364742662,2978.5852186502707,0.1048326057418647,0.4391550328268394,-1.2006659040315415,1,0.05529832314421829
2019-12-01,72,34,0.1435239206534422,50.71304893493652,13736,3664.05,33,54,3,3,7,3,8.0,51.280793462480815,70.71428571428571,13961.0,-0.567744527544292,1.2857142857142918,-225.0,0.7039329455749411,3.3523268393900927,2824.127003754136,-0.8065321151868855,0.3835289180658199,-0.0796706379355126,1,0.15306974112150246
2019-12-02,65,10,0.0564705882352941,50.64576148986816,12224,3356.78,19,37,3,3,8,3,8.0,51.09599535805838,69.85714285714286,13924.285714285714,-0.4502338681902245,-4.857142857142861,-1700.2857142857138,0.6712734678591998,3.976119189552009,2848.1424773751314,-0.6707160192493433,-1.2215787871515285,-0.5969805681395227,1,0.12097475362690352
2019-12-03,76,21,0.0517928286852589,50.809428215026855,18142,4261.8,23,91,3,3,7,3,7.0,51.0202065876552,71.28571428571429,14169.142857142857,-0.2107783726283472,4.714285714285708,3972.857142857143,0.6690849347367396,4.151878519188054,3156.272507699093,-0.3150248371849544,1.1354584900541933,1.258718039448798,1,0.10001888233149087
2019-12-04,67,42,0.0885200553250345,51.79905128479004,11745,3473.92,30,33,2,3,5,3,8.0,51.06391784123012,70.14285714285714,14339.0,0.735133443559917,-3.142857142857139,-2594.0,0.7136374039020199,4.059087394500198,2954.997010714784,1.0301217951026127,-0.7742767862341442,-0.8778350673771199,1,0.14681515260862565
2019-12-05,66,36,0.0829756795422031,51.21220111846924,18234,4357.09,44,99,2,3,6,3,8.0,51.24114567892892,69.57142857142857,14438.857142857143,-0.0289445604596849,-3.5714285714285694,3795.142857142857,0.5267265970554781,4.353433237386428,3089.737120887544,-0.05495177312384,-0.8203705849346313,1.2283060689812606,1,0.10079703044973531
2019-12-06,54,24,0.1946778711484593,53.66781139373779,10401,3254.47,25,35,2,3,3,3,8.0,51.50654343196324,67.71428571428571,13609.142857142857,2.161267961774556,-13.714285714285708,-3208.142857142857,1.0596126707163909,7.364651739090936,3307.334194814679,2.0396773476796475,-1.862177085915884,-0.9700086741075828,1,0.007477469394251868
2019-12-07,81,74,0.0818083961248654,52.773488998413086,14898,3862.79,24,48,2,3,6,3,7.0,51.66011306217739,68.71428571428571,14197.142857142857,1.1133759362356983,12.285714285714292,700.8571428571431,1.1647526051686092,8.71233389539002,3078.9328469764414,0.955890488070234,1.41015191029525,0.2276298892148282,1,0.08256714976041885
2019-12-08,80,21,0.0909090909090909,51.81732082366944,15805,3977.52,33,71,3,3,6,3,8.0,51.81786618913923,69.85714285714286,14492.714285714286,-0.0005453654697902,10.14285714285714,1312.2857142857138,1.087311153195928,9.685531674075708,3126.2325416964554,-0.0005015725886626,1.0472173840498098,0.4197658673124808,1,0.1429750264947618
2019-12-09,62,38,0.1254901960784313,53.05702304840088,11223,3429.66,27,16,2,3,4,3,8.0,52.16233212607248,69.42857142857143,14349.714285714286,0.894690922328401,-7.428571428571431,-3126.7142857142862,1.0347750228138444,9.997618764104828,3267.0272784436943,0.8646236163446279,-0.7430340767986441,-0.9570517841539884,1,0.12153988355831408
2019-12-10,78,20,0.0638002773925104,51.08981227874756,7708,3024.06,12,22,2,3,4,3,8.0,52.20238699231829,69.71428571428571,12859.142857142857,-1.11257471357073,8.285714285714292,-5151.142857142857,0.9775202616186444,10.242302568502938,3610.61211008934,-1.1381602584159771,0.8089698805808048,-1.426667473570125,1,0.0941620905354193
2019-12-13,68,57,0.0394366197183098,54.55725383758545,15910,3858.76,23,56,2,3,6,3,9.0,52.59641592843192,69.85714285714286,13454.142857142857,1.9608379091535328,-1.8571428571428608,2455.857142857143,1.292876748428173,10.205040771249134,3737.36446481436,1.5166472067329233,-0.1819828944118505,0.6571093523197848,1,0.07866393960362761
2019-12-14,71,34,0.0656324582338902,54.63343334197998,15348,3775.07,36,52,3,3,6,3,8.0,53.08516338893345,70.57142857142857,13041.857142857143,1.5482699530465285,0.4285714285714306,2306.142857142857,1.3285614062905504,10.064080399406311,3249.542605176477,1.1653732719584424,0.0425842612104641,0.7096822960465891,1,0.1544795482981775
2019-12-15,74,28,0.1357409713574097,54.23077869415283,21362,4430.25,61,108,2,3,7,3,8.0,53.16558728899275,73.42857142857143,14607.714285714286,1.0651914051600857,0.5714285714285694,6754.285714285714,1.3855283087360293,6.924765768773782,4251.361613816042,0.7687980089932798,0.0825195523587733,1.5887346990986813,1,0.05888052218168505
2019-12-16,75,30,0.1169811320754717,53.99892807006836,10489,3357.84,36,30,3,3,7,3,8.0,53.34065001351493,72.57142857142857,13977.857142857143,0.658278056553435,2.4285714285714306,-3488.857142857143,1.405010038585837,6.160550377391706,4519.346465606554,0.4685219596124746,0.3942133867590666,-0.7719826681597189,1,0.1549460872108887
2019-12-17,66,52,0.1411935953420669,53.86542701721192,12437,3598.69,24,46,4,3,7,3,8.0,53.63323661259243,70.57142857142857,13496.714285714286,0.2321904046194944,-4.571428571428569,-1059.7142857142862,1.2382736577198652,5.593363414414827,4471.432571122505,0.1875113818112271,-0.8172951107820746,-0.2369965931183116,1,0.07653472219347635
2019-12-21,79,28,0.1227436823104693,53.94008731842041,17760,3938.75,36,106,3,3,7,2,8.0,53.759388651166645,73.0,14430.57142857143,0.1806986672537647,6.0,3329.42857142857,1.2145413973095225,4.898979485566372,4598.250749185056,0.1487793398018809,1.2247448713915852,0.7240641611418522,1,0.03616141636545578
2019-12-22,78,36,0.0753655793025871,52.24936294555664,18170,4316.38,74,70,3,3,7,3,8.0,53.92503874642508,73.0,15925.142857142857,-1.67567580086844,5.0,2244.857142857143,0.7970910424456181,4.898979485566372,3651.885651211408,-2.102238905768112,1.0206207261596545,0.6147117837910605,1,0.0750879447723784
2019-12-23,79,37,0.1201671891327063,51.94980049133301,17227,3997.02,19,81,3,3,7,3,8.0,53.552545411246165,74.57142857142857,16113.285714285714,-1.6027449199131567,4.428571428571431,1113.7142857142862,1.0281647103213811,4.790864322059352,3684.753076950368,-1.558840625265357,0.9243783857915246,0.3022493671776877,1,0.13859377757605784
2019-12-25,82,57,0.0706006322444678,51.2878999710083,11804,3455.43,53,26,3,3,8,3,9.0,53.07461207253592,76.14285714285714,15607.0,-1.7867121015276195,5.857142857142861,-3803.0,1.2044427720409798,5.209880722517313,4034.320182302503,-1.483434616407685,1.1242374190695106,-0.942661917783015,1,0.0696548185871444
2019-12-26,78,22,0.0700778642936596,50.94650840759277,16891,4476.22,59,87,3,3,7,3,8.0,52.605430603027344,76.71428571428571,14968.285714285714,-1.6589221954345703,1.2857142857142918,1922.7142857142865,1.3137274919874835,5.154748157905388,3248.7786276427864,-1.2627597470194187,0.2494232979631611,0.5918268081901746,1,0.11057660274420333
2019-12-27,78,69,0.1411509229098805,50.31015300750733,10161,3357.61,25,24,2,3,4,3,10.0,52.0784627369472,77.14285714285714,14921.42857142857,-1.7683097294398706,0.8571428571428612,-4760.428571428571,1.3986825745382263,5.113008619478125,3325.607756843992,-1.2642680774254131,0.1676396268681331,-1.4314461955508029,1,0.0463288292675067
2019-12-28,75,38,0.1233299075025693,50.891639709472656,12445,3820.16,6,27,2,3,5,3,9.0,51.65363597869873,78.42857142857143,14922.57142857143,-0.7619962692260742,-3.4285714285714306,-2477.5714285714294,1.203456189746556,2.0701966780271968,3324.6129026370763,-0.6331732519374454,-1.656157342421544,-0.7452210230569173,1,0.09952353574845768
2019-12-29,74,56,0.0991471215351812,51.764832496643066,13699,3896.28,42,67,2,3,6,3,10.0,51.342885289873394,77.71428571428571,14342.42857142857,0.4219472067696728,-3.714285714285708,-643.4285714285706,0.6829328671601778,2.6276913640613118,3093.2310969353066,0.6178458045579869,-1.4135167337708097,-0.2080118010148233,1,0.0900298472325805
2019-12-30,65,43,0.095112285336856,53.47320365905762,10187,3149.58,5,13,2,3,6,3,8.0,51.51771967751639,75.85714285714286,13202.0,1.955483981541228,-10.85714285714286,-3015.0,1.0247738757403144,5.459809869356638,2913.2374316786004,1.9082102186968344,-1.9885569492225237,-1.0349310932280464,1,0.08579080393089544
2020-01-01,75,47,0.0600522193211488,53.09996032714844,11847,3563.43,27,20,3,3,7,3,6.0,51.68202822549002,75.28571428571429,12433.42857142857,1.4179321016584154,-0.2857142857142918,-586.4285714285706,1.1852411519404076,5.282495802626084,2324.5859744008085,1.1963237180358277,-0.0540869877401994,-0.2522722660665326,1,0.12670170624947769
2020-01-02,88,73,0.0660124888492417,52.00821113586426,10346,3169.72,11,37,3,3,7,3,8.0,51.78492982046945,76.14285714285714,12225.142857142857,0.2232813153948072,11.85714285714286,-1879.1428571428569,1.176556881456253,6.817344825970799,2452.199585988836,0.1897751982194405,1.739261128756882,-0.766309099748544,1,0.09655702693630452
2020-01-03,73,43,0.0887573964497041,51.82297134399414,17431,3954.62,33,102,3,3,7,3,8.0,51.91013881138393,75.42857142857143,12302.285714285714,-0.0871674673897899,-2.4285714285714306,5128.714285714286,1.117621896701026,6.852180744287271,2625.794020500322,-0.0779937004161149,-0.3544231419458913,1.9532051050741044,1,0.1241068197290896
2020-01-04,78,16,0.0674373795761079,51.27910900115967,16170,4092.19,19,93,2,2,5,3,8.0,52.048561096191406,75.42857142857143,13160.714285714286,-0.7694520950317383,2.5714285714285694,3009.2857142857138,0.9308232172096708,6.852180744287271,2786.4127903265216,-0.8266361225263862,0.3752715620603549,1.0799856089998334,1,0.047931194736114846
2020-01-06,72,64,0.1743666169895678,51.86006546020508,11322,3283.51,25,43,2,3,5,2,8.0,52.186907632010325,75.0,13000.285714285714,-0.3268421718052465,-3.0,-1678.2857142857138,0.7917992519263091,6.976149845485471,2865.688963948327,-0.4127841381639307,-0.4300366343107456,-0.585648245639814,1,0.007480246633224885
2020-01-07,66,12,0.0573888091822094,53.08741092681885,17638,4237.59,29,103,2,3,6,3,8.0,52.37584740774973,73.85714285714286,13563.0,0.7115635190691236,-7.857142857142861,4075.0,0.8311184657011829,7.776643908280144,3368.399718956563,0.8561517382107552,-1.0103513739104095,1.2097732870202005,1,0.08285360283316939
2020-01-08,69,21,0.1492146596858638,52.446309089660645,8149,3045.59,14,38,2,2,6,2,8.0,52.22914818355015,74.42857142857143,13271.857142857143,0.2171609061104931,-5.428571428571431,-5122.857142857143,0.6824803896871122,7.138093649734584,3772.6509436809993,0.3181936204936995,-0.7605071738969523,-1.357893221326948,-1,-0.028273762776100386
2020-01-09,67,48,0.1130434782608695,53.41855144500733,13189,3794.84,33,92,2,1,7,2,8.0,52.274661200387136,73.28571428571429,13463.57142857143,1.143890244620195,-6.285714285714292,-274.5714285714293,0.7568072387625471,7.653197277702223,3721.933586060826,1.5114684242325247,-0.821318732241213,-0.0737711789376733,-1,-0.033312736304423884
2020-01-10,71,44,0.0806241872561768,52.68260002136231,13733,3556.25,33,70,2,3,5,3,8.0,52.371002469744,70.85714285714286,13947.42857142857,0.3115975516183127,0.1428571428571388,-214.42857142857065,0.7601524127179664,4.059087394500196,3460.039829112896,0.4099145729264723,0.0351943993742783,-0.0619728621689152,1,0.14817179916762402
2020-01-11,80,0,0.0858490566037735,52.313536643981934,13736,3463.39,37,50,3,3,5,3,10.0,52.44108322688511,71.85714285714286,13419.57142857143,-0.1275465829031787,8.142857142857139,316.42857142857065,0.7229079196844771,5.336308693862311,3103.4994687257386,-0.1764354483194045,1.5259344258368803,0.1019586356038567,1,0.05760911747429437
2020-01-12,72,19,0.0825082508250825,52.44845104217529,8820,2981.41,20,34,3,3,6,3,8.0,52.60813208988735,71.0,12369.57142857143,-0.1596810477120556,1.0,-3549.5714285714294,0.5147990039965052,4.618802153516998,3257.4006435163865,-0.3101813454812737,0.21650635094611,-1.0896944579527197,1,0.14139163018694673
2020-01-13,68,44,0.0410958904109589,52.52613258361816,8564,3354.78,53,15,2,3,5,3,8.0,52.703284536089214,70.42857142857143,11975.57142857143,-0.1771519524710569,-2.4285714285714306,-3411.5714285714294,0.4028751683320708,4.720774754816645,3558.14253308019,-0.4397192142779051,-0.514443402768484,-0.9588068484761126,1,0.09015661973669381
2020-01-14,75,19,0.1047979797979797,51.67782211303711,17723,4091.36,38,85,3,3,7,3,9.0,52.50191470554897,71.71428571428571,11987.714285714286,-0.8240925925118603,3.285714285714292,5735.285714285714,0.5154321559018575,4.535573676110728,3580.76052044282,-1.5988381459630434,0.7244319066010201,1.60169485826895,1,0.10468571164744539
2020-01-15,78,34,0.0630517023959646,51.18936061859131,14145,3597.65,26,61,3,3,4,3,7.0,52.32235063825335,73.0,12844.285714285714,-1.1329900196620386,5.0,1300.7142857142862,0.7174056628865936,4.898979485566371,3207.1074046189838,-1.5792878120076117,1.0206207261596545,0.405572412024915,1,0.09955516425810629
2020-01-16,73,35,0.0546378653113087,51.059011459350586,13888,4078.73,23,112,3,3,7,3,8.0,51.98527349744524,73.85714285714286,12944.142857142857,-0.9262620380946558,-0.8571428571428612,943.8571428571432,0.6692094827836705,4.140393356054154,3230.4266709198773,-1.384113737064423,-0.2070196678027058,0.292177238181474,1,0.12721569572364333
2020-01-17,73,75,0.071523178807947,52.1726016998291,12501,3499.56,27,39,3,3,6,3,8.0,51.91241659436907,74.14285714285714,12768.142857142857,0.2601851054600317,-1.1428571428571388,-267.1428571428569,0.6053537075207448,3.976119189552053,3213.80322092955,0.4298067431116137,-0.2874303028591787,-0.0831235887135583,1,0.13237961918537944
2020-01-18,66,47,0.056551724137931,51.55383586883545,13480,3862.69,34,66,3,3,7,3,10.0,51.80388791220529,72.14285714285714,12731.57142857143,-0.2500520433698412,-6.142857142857139,748.4285714285706,0.5893431634472376,4.059087394500214,3202.3901936492625,-0.4242893765106477,-1.513359173094004,0.2337093627481115,1,0.10094147220524385
2020-01-19,66,66,0.0602409638554216,52.90525531768799,13255,3408.84,31,63,2,3,4,3,8.0,51.86914566584996,71.28571428571429,13365.142857142857,1.0361096518380322,-5.285714285714292,-110.14285714285688,0.6894068342035933,4.680252333449753,2698.626652488967,1.502900175097556,-1.129365236984618,-0.0408144109305639,1,0.08720367597589634
2020-01-20,73,41,0.079345088161209,51.91705894470215,7492,3110.58,9,18,3,3,5,2,8.0,51.78213514600481,72.0,13212.0,0.1349237986973364,1.0,-5720.0,0.6284052244246887,4.472135954999585,3026.939598560456,0.2147082701625539,0.2236067977499787,-1.889697436552848,1,0.0052888947143472365
2020-01-21,77,47,0.0668348045397225,50.55670738220215,11684,3381.51,10,41,3,3,7,3,8.0,51.62197589874268,72.28571428571429,12349.285714285714,-1.0652685165405271,4.714285714285708,-665.2857142857138,0.7832191967101638,4.750939756661693,2300.359081700489,-1.3601154325827105,0.9922848858850316,-0.2892095062801743,1,0.1491255518923721
2020-01-22,68,30,0.0552995391705069,50.63613224029541,10162,3375.48,20,23,2,3,6,3,8.0,51.54294327327183,70.85714285714286,11780.285714285714,-0.906811032976421,-2.857142857142861,-1618.2857142857138,0.8584484558036879,4.220133150686562,2274.614012258328,-1.0563371939756774,-0.677026708666299,-0.7114550888917698,1,0.14515916997936557
2020-01-23,71,9,0.0571049136786188,51.25885772705078,15169,4139.55,41,95,3,3,6,3,8.0,51.57149274008615,70.57142857142857,11963.285714285714,-0.3126350130353685,0.4285714285714306,3205.7142857142862,0.8428534471552923,4.117326918327081,2511.630128972402,-0.3709245232258827,0.1040897254633266,1.276348077185178,1,0.10692905844908335
2020-01-24,73,59,0.1206496519721577,51.3598108291626,10721,3429.51,23,20,3,3,4,3,7.0,51.45537975856236,70.57142857142857,11709.0,-0.0955689293997608,2.4285714285714306,-988.0,0.8011984022772726,4.117326918327081,2538.084054295029,-0.119282476260714,0.5898417776255154,-0.3892700079526814,1,0.09894625373557264
2020-01-26,71,33,0.1237230419977298,52.47140407562256,18422,3863.71,27,79,2,3,4,3,8.0,51.58646093096052,71.28571428571429,12415.0,0.8849431446620386,-0.2857142857142918,6007.0,0.890116955777587,3.5923198500080504,3584.459512953106,0.9941874929109416,-0.0795347568267484,1.675845403830786,1,0.09034498681070319
2020-01-27,69,53,0.074820143884892,51.8798770904541,9026,3329.8,11,27,2,3,6,3,8.0,51.439978327069966,71.71428571428571,11810.857142857143,0.4398987633841358,-2.714285714285708,-2784.857142857143,0.7012516791740687,2.9840847683606344,3770.828840302509,0.6273051123417582,-0.909587335810455,-0.7385265311150352,1,0.14320770036309427
2020-01-28,66,27,0.0633802816901408,52.38985633850098,14473,3720.96,52,72,3,3,7,3,8.0,51.50752081189837,70.71428571428571,12808.142857142857,0.8823355266026098,-4.714285714285708,1664.8571428571431,0.7738703503978105,3.592319850008037,3336.3484744338607,1.1401593640963792,-1.3123234876413248,0.4990057710142673,1,0.12325017991153125
2020-01-29,72,57,0.0484094052558782,51.78456878662109,4749,2726.22,20,11,2,3,7,3,7.0,51.68292958395822,70.0,11817.42857142857,0.1016392026628665,2.0,-7068.428571428571,0.651994843582305,2.449489742783124,4538.773874706066,0.155889580513279,0.8164965809277441,-1.5573431870708314,1,0.05967182183090908
2020-01-30,73,43,0.0524246395806028,50.769968032836914,14398,4399.31,29,85,3,3,8,3,7.0,51.70204898289272,70.71428571428571,12422.57142857143,-0.9320809500558056,2.285714285714292,1975.4285714285704,0.6172167247091954,2.497617912751092,4563.593790612208,-1.510135601874625,0.9151577084889696,0.4328668724837506,1,0.09117944053369736
2020-01-31,70,40,0.0785619174434087,53.197364807128906,12231,3785.57,30,42,1,3,3,3,8.0,51.97897856576102,70.57142857142857,12002.857142857143,1.218386241367888,-0.5714285714285694,228.14285714285688,0.7946131007653622,2.507132682112005,4401.118018131737,1.5333075180793678,-0.2279211529192778,0.0518374777051997,1,0.057127843751011154
2020-02-01,64,15,0.1166219839142091,53.65375518798828,14409,3889.78,36,28,2,3,5,3,9.0,52.30668490273612,69.28571428571429,12529.714285714286,1.3470702852521654,-5.285714285714292,1879.2857142857135,0.9537843768122524,3.2513733362116657,4442.64102061997,1.4123425776320189,-1.6256866681058952,0.4230109310122608,1,0.08658057904965988
2020-02-02,69,32,0.072570725707257,54.55971145629883,11652,3784.27,11,16,3,4,7,3,7.0,52.60501452854702,69.0,11562.57142857143,1.954696927751812,0.0,89.42857142857065,1.2834991306576649,3.162277660168309,3603.844005925845,1.522943709942542,0.0,0.0248147731371064,1,0.05602792239042742
2020-02-03,78,37,0.0948379351740696,53.74181079864502,10754,3719.74,29,26,2,3,6,3,8.0,52.871005058288574,70.28571428571429,11809.42857142857,0.8708057403564453,7.714285714285708,-1055.4285714285706,1.3009896766560305,4.644505202002508,3457.339384417972,0.6693410070667903,1.6609488801863426,-0.3052719024881751,1,0.13283618812753728
2020-02-04,70,39,0.0663058186738836,52.82433891296387,8898,3043.42,5,14,3,3,7,3,7.0,52.93307399749756,70.85714285714286,11013.0,-0.1087350845336914,-0.8571428571428612,-2115.0,1.2844681518471577,4.25944329025015,3382.8215047994136,-0.0846537801480889,-0.2012335412716629,-0.6252177352542313,1,0.13482782011549144
2020-02-05,62,7,0.0605612998522895,53.6356086730957,18685,4362.76,35,101,3,3,8,3,8.0,53.19750826699393,69.42857142857143,13003.857142857143,0.4381004061017748,-7.428571428571431,5681.142857142857,1.1961161432930063,5.349677337844525,3176.428572499384,0.366269119063679,-1.3886017715536705,1.7885315937303226,1,0.0569745720233652
2020-02-06,72,32,0.0754985754985755,52.76318645477295,24846,5225.82,85,178,3,3,6,3,11.0,53.48225375584194,69.28571428571429,14496.42857142857,-0.7190673010689892,2.714285714285708,10349.57142857143,0.6207907408649203,5.250850271282566,5526.248240809274,-1.1583086759108947,0.5169230837013984,1.87280248327314,-1,-0.08185627937601958
2020-02-07,69,19,0.0756756756756756,54.046916007995605,8131,3006.66,14,11,2,3,3,3,8.0,53.60361821310861,69.14285714285714,13910.714285714286,0.4432977948869947,-0.1428571428571388,-5779.714285714286,0.6386004605328666,5.241773600241628,6003.077036384082,0.6941708036306368,-0.0272535889094014,-0.9627919566389012,1,0.10488143895944774
2020-02-08,80,35,0.0597826086956521,53.446539878845215,14197,3578.37,22,31,2,3,5,3,8.0,53.57401602608817,71.42857142857143,13880.42857142857,-0.1274761472429517,8.57142857142857,316.5714285714293,0.6406883212174822,6.051367417290707,6000.678485447648,-0.1989674901529536,1.4164449091187614,0.0527559390724152,1,0.13134245962802443
2020-02-09,76,37,0.0930506478209658,51.761281967163086,8963,3140.46,18,15,3,3,7,3,7.0,53.17424038478306,72.42857142857143,13496.285714285714,-1.4129584176199756,3.5714285714285694,-4533.285714285714,0.7808707205473912,6.160550377391706,6248.081084468673,-1.8094652295702551,0.5797255687633325,-0.725548476884278,1,0.13130459428718494
2020-02-10,70,25,0.0808926080892608,51.68393611907959,15052,4160.98,28,70,3,3,8,3,8.0,52.88025828770229,71.28571428571429,14110.285714285714,-1.1963221686227,-1.2857142857142918,941.7142857142862,0.9085195658417408,5.677860093212511,6143.997713603244,-1.31678195341265,-0.2264434601428933,0.1532738665623629,1,0.1345837289490041
2020-02-11,73,74,0.0716145833333333,52.53243827819824,10533,3559.41,28,30,2,3,6,3,8.0,52.83855819702149,71.71428571428571,14343.857142857143,-0.3061199188232422,1.2857142857142918,-3810.857142857143,0.9181617784740996,5.677860093212518,5940.530403607952,-0.3334052081017632,0.226443460142893,-0.6415011596511042,1,0.13274584679731705
2020-02-12,74,45,0.1037344398340249,53.02101135253906,10839,3473.77,9,46,2,3,7,3,8.0,52.750758579799104,73.42857142857143,13223.0,0.2702527727399584,0.5714285714285694,-2384.0,0.8565594542277576,3.7352886036264032,5721.06729553149,0.3155096489870727,0.1529811032201898,-0.4167054636574634,1,0.14761591753340603
2020-02-13,74,42,0.061711079943899,51.06974029541016,13617,3875.5,6,39,3,3,7,3,9.0,52.50883769989014,73.71428571428571,11618.857142857143,-1.4390974044799734,0.2857142857142918,1998.1428571428569,1.066001299810319,3.6839419880650888,2690.472475766508,-1.349995919081939,0.0775566734329486,0.7426735917726094,1,0.12914653818563887
2020-02-14,55,22,0.0951526032315978,53.24045372009277,7819,3216.34,11,21,1,3,3,3,8.0,52.39362880161831,71.71428571428571,11574.285714285714,0.8468249184744678,-16.714285714285708,-3755.2857142857138,0.903218145913933,7.973169292786189,2759.58068760973,0.9375641115110648,-2.0963164207999623,-1.3608175079448157,1,0.0406457251382667
2020-02-15,69,38,0.0950888192267502,54.60454559326172,6833,2984.43,14,18,2,3,4,3,7.0,52.55905818939209,70.14285714285714,10522.285714285714,2.045487403869629,-1.1428571428571388,-3689.2857142857138,1.1890319074285094,7.104659772022178,2987.3607479002712,1.7202964790855404,-0.1608602212533325,-1.2349649157299818,1,0.09117188663912701
2020-02-17,66,39,0.1037037037037037,53.84959506988525,10674,3526.27,10,12,3,3,5,3,9.0,52.85738863263811,68.71428571428571,10766.714285714286,0.992206437247134,-2.714285714285708,-92.71428571428623,1.2171560038936409,6.725927091345455,2907.443706206868,0.8151842771781918,-0.4035556254807309,-0.0318885918638279,1,0.11547985910514541
2020-02-18,68,30,0.1070588235294117,54.30708885192871,10533,3079.62,21,45,3,3,6,3,7.0,53.23212473733084,68.42857142857143,10121.142857142857,1.0749641145978686,-0.4285714285714306,411.8571428571431,1.199337477804486,6.704653678780165,2217.0921217194627,0.8962982767500136,-0.0639214863443035,0.1857645601743097,1,0.14381508924612252
2020-02-19,74,15,0.0749665327978581,52.256792068481445,18691,4069.82,14,51,3,3,7,3,9.0,53.192746707371306,68.57142857142857,11286.57142857143,-0.9359546388898607,5.428571428571431,7404.428571428571,1.2302655934882143,6.827814263660596,3942.466311720069,-0.760774457030954,0.7950672380565037,1.878120949167496,1,0.11089029931224081
2020-02-20,75,34,0.1099706744868035,51.522735595703125,7720,2981.19,11,23,3,3,8,3,8.0,52.9787073135376,68.71428571428571,10841.0,-1.4559717178344729,6.285714285714292,-3121.0,1.385645134304614,6.969320524371659,4171.103331254217,-1.0507536755181923,0.9019120678598722,-0.7482432709384691,1,0.12228764749009657
2020-02-21,58,0,0.199021207177814,51.10006046295166,17992,4415.45,34,64,3,3,8,3,10.0,52.98303876604353,66.42857142857143,11466.0,-1.882978303091868,-8.42857142857143,6526.0,1.378713301831624,7.546680127869478,4917.398838139261,-1.365750443250476,-1.1168581794589618,1.3271244035331151,-1,-0.02949114325409452
2020-02-22,72,35,0.0761789600967352,52.19623851776123,15947,4015.1,8,16,2,3,5,3,7.0,52.83386516571045,68.85714285714286,12627.142857142857,-0.6376266479492188,3.142857142857139,3319.857142857143,1.4025052015803297,5.785861256216743,4872.129083832224,-0.4546340699704693,0.5431960781085493,0.6813976160594405,1,0.11189624471475168
2020-02-23,75,55,0.1500547645125958,51.04134941101074,12227,3582.77,27,3,2,3,6,3,8.0,52.32483713967459,69.71428571428571,13397.714285714286,-1.2834877286638502,5.285714285714292,-1170.7142857142862,1.2952581388834523,6.237368187365688,4180.4587353656825,-0.9909126915583416,0.8474270119921651,-0.28004445440648,1,0.08209489714398543
2020-02-24,71,19,0.0910384068278805,50.82287502288818,7427,2908.61,7,7,3,3,6,3,7.5,51.89244856153216,70.42857142857143,12933.857142857143,-1.0695735386439793,0.5714285714285694,-5506.857142857143,1.2033596134037856,6.0237624692308405,4682.984747237295,-0.8888228645289307,0.0948624010902497,-1.175928908610238,1,0.10020149789820165
2020-02-25,59,12,0.0623946037099494,51.16394710540772,7365,3385.63,30,8,3,3,7,3,9.0,51.44342831202916,69.14285714285714,12481.285714285714,-0.2794812066214334,-10.14285714285714,-5116.285714285714,0.574070045573807,7.42582366763827,5089.145072743416,-0.4868416472454685,-1.3658898456018689,-1.0053330453650573,1,0.0962303221292794
2020-02-26,69,38,0.0555555555555555,53.30293560028076,12554,3747.61,16,37,3,3,8,3,8.0,51.59287738800049,68.42857142857143,11604.57142857143,1.7100582122802734,0.5714285714285694,949.4285714285706,0.8772304974502209,7.114706432386867,4310.079769452955,1.9493829925552857,0.0803165354549793,0.2202809744166462,1,0.13058361143733827
2020-02-27,68,36,0.0671328671328671,54.84496307373047,19534,4697.96,70,115,2,3,6,3,10.0,52.06748131343296,67.42857142857143,13292.285714285714,2.777481760297505,0.5714285714285694,6241.714285714286,1.5061872010694424,6.502746672423398,4818.506190175737,1.8440481756354068,0.0878749550327497,1.295362927714044,1,0.0253331867139992
2020-02-28,71,57,0.0827389443651925,55.253294944763184,12513,3630.11,9,16,2,3,3,3,8.0,52.66080052512033,69.28571428571429,12509.57142857143,2.592494419642854,1.7142857142857082,3.428571428570649,1.842141457240948,5.0568200058364905,4350.086047315343,1.4073264620653732,0.3390046931287074,0.00078816174928,1,0.08342039095044457
2020-02-29,69,40,0.0887792848335388,55.9315185546875,21999,4958.07,125,63,3,3,5,3,10.0,53.19441195896694,68.85714285714286,13374.142857142857,2.7371065957205616,0.1428571428571388,8624.857142857143,2.1927722683415465,4.913538149119905,5575.84739235725,1.2482402460291555,0.0290741902314784,1.5468244619964198,1,0.004451387479824986
2020-03-01,73,20,0.1228533685601056,54.52877616882324,21553,4790.81,146,70,3,3,6,3,8.0,53.69261578151158,68.57142857142857,14706.42857142857,0.836160387311665,4.428571428571431,6846.571428571429,2.0106757360148726,4.540820148282365,6320.513108314937,0.4158603858068738,0.9752800780375778,1.0832303186847976,1,0.018351190149517582
2020-03-02,77,37,0.0726114649681528,54.61709690093994,11335,3266.51,13,19,2,3,3,3,7.0,54.23464747837612,69.42857142857143,15264.714285714286,0.3824494225638233,7.571428571428569,-3929.7142857142862,1.5716003673553067,5.533448076836649,5713.842627464337,0.2433503010739366,1.368302090539718,-0.6877533285263401,1,0.0808478753367145
2020-03-03,84,93,0.0406091370558375,53.060065269470215,10117,3221.1,22,39,3,3,6,3,7.0,54.50552150181362,73.0,15657.857142857143,-1.4454562323434033,11.0,-5540.857142857143,1.0211431271656275,5.744562646538044,5146.1884415740615,-1.4155275532779967,1.914854215512671,-1.0766914592739565,1,0.025095737174582133
2020-03-04,67,43,0.1080291970802919,52.8782901763916,13093,4093.69,24,16,3,3,7,3,8.0,54.44485786982945,72.71428571428571,15734.857142857143,-1.5665676934378467,-5.714285714285708,-2641.857142857143,1.1129770976302027,6.019808571549047,5095.792265146196,-1.407547106560816,-0.9492470809275718,-0.5184389404816818,1,0.1332446532560036
2020-03-05,75,29,0.0508474576271186,52.32710361480713,20119,5053.12,41,127,3,3,8,2,8.0,54.08516366141183,73.71428571428571,15818.42857142857,-1.7580600466047045,1.2857142857142918,4300.571428571429,1.3448325524384217,5.677860093212541,5172.699580720007,-1.3072705917305674,0.2264434601428921,0.8313978729019513,-1,-0.005440584697563922
2020-03-06,71,57,0.0872235872235872,52.00973796844482,10480,3368.04,15,25,2,3,2,3,9.0,53.62179837908064,73.71428571428571,15528.0,-1.61206041063582,-2.714285714285708,-5048.0,1.431278972480125,5.677860093212541,5439.415501687658,-1.1263076183131766,-0.4780473047461023,-0.928040889399566,1,0.06855828163820638
2020-03-07,68,39,0.0996677740863787,52.72003936767578,12847,3443.7,40,70,3,3,6,3,10.0,53.16301563807896,73.57142857142857,14220.57142857143,-0.4429762704031788,-5.571428571428569,-1373.5714285714294,1.0243980169950095,5.82686716447022,4670.327963399817,-0.4324259350897755,-0.9561619330196496,-0.2941059898439172,1,0.11107715323565664
2020-03-08,71,32,0.0713422007255139,52.68251419067383,13115,3568.32,27,41,3,3,7,3,8.0,52.89926392691476,73.28571428571429,13015.142857142857,-0.2167497362409349,-2.285714285714292,99.85714285714312,0.834163537220071,5.908025211926752,3370.4142390598136,-0.2598408184602194,-0.386882960671873,0.0296275578532443,1,0.17588525677569838
2020-03-09,73,59,0.0832214765100671,51.32135009765625,7240,2952.43,0,0,3,3,7,3,8.0,52.42844295501709,72.71428571428571,12430.142857142857,-1.1070928573608398,0.2857142857142918,-5190.142857142857,0.6002954902700375,5.67786009321253,4006.078149868914,-1.8442465007738509,0.0503207689206436,-1.2955670516094868,1,0.0630563897000021
2020-03-10,70,22,0.0431654676258992,51.430620193481445,13280,3753.45,24,60,3,3,8,3,8.0,52.195665087018696,70.71428571428571,12882.0,-0.7650448935372509,-0.7142857142857082,398.0,0.6297529698680185,2.75162289775115,3878.023035860755,-1.2148333237675504,-0.2595870658255826,0.1026296121295888,1,0.13598536866179
2020-03-12,64,37,0.0883590462833099,52.08916664123535,9835,3187.45,18,24,3,3,7,3,8.0,52.08293315342495,70.28571428571429,12416.57142857143,0.0062334878104053,-6.285714285714292,-2581.5714285714294,0.5531633728980815,3.545621041711645,4040.579531748008,0.0112688007120707,-1.772810520855853,-0.6389111780345547,1,0.1366643548189232
2020-03-13,82,80,0.0682080924855491,50.45013904571533,8744,3051.75,19,15,3,3,8,3,6.0,51.8147953578404,71.28571428571429,10791.57142857143,-1.3646563121250708,10.714285714285708,-2047.5714285714291,0.8102520744300157,5.529143565818174,2367.618272803766,-1.684236739640635,1.937783959983008,-0.8648232918673444,1,0.01687655066040583
2020-03-14,76,64,0.0634595701125895,50.21042537689209,9026,3207.16,10,38,3,3,8,3,7.0,51.5577507019043,72.0,10583.857142857143,-1.347325325012207,4.0,-1557.8571428571431,1.0010450600106549,5.802298395176408,2461.4307105537514,-1.34591875913944,0.6893819875457107,-0.6329071690613098,1,0.11397197050587743
2020-03-15,64,57,0.0866477272727272,51.24338340759277,9937,3233.19,14,48,2,3,4,3,8.0,51.34679985046387,71.42857142857143,10168.142857142857,-0.1034164428710937,-7.428571428571431,-231.14285714285688,0.8610998097508908,6.42539604115686,2252.359017309884,-0.1200980904885013,-1.1561266233223428,-0.1026225638836758,1,0.11123989266418605
2020-03-16,76,25,0.0860495436766623,50.49125576019287,6939,2878.29,31,25,2,3,6,3,6.0,51.03376293182373,72.14285714285714,9285.857142857143,-0.5425071716308594,3.857142857142861,-2346.857142857143,0.6721650837469304,6.644009116704856,2110.8105416775684,-0.8071040652791671,0.5805444859256663,-1.11182746936254,1,0.09898473327095914
2020-03-17,76,36,0.0737628384687208,50.05933570861816,7952,2932.23,11,38,2,3,7,2,7.0,50.853475161961136,72.57142857142857,9387.57142857143,-0.7941394533429786,3.4285714285714306,-1435.5714285714294,0.7472295134349513,6.803360514166102,2010.569973676028,-1.0627784891584198,0.503952630678969,-0.7140121693684207,1,0.07930762979844952
2020-03-18,81,56,0.0513368983957219,50.257466316223145,6403,2838.67,16,33,3,3,7,2,7.0,50.685881750924246,74.14285714285714,8405.142857142857,-0.4284154347011011,6.857142857142861,-2002.1428571428569,0.7275104777387316,7.358183005529122,1369.601819090919,-0.5888787142045211,0.9319070824944464,-1.461843018339294,1,0.037507513261115455
2020-03-19,74,30,0.0728476821192053,49.03186798095703,8331,3178.23,29,22,2,3,7,2,8.0,50.24912479945591,75.57142857142857,8190.285714285715,-1.217256818498882,-1.5714285714285694,140.71428571428532,0.6591516766005612,5.883795341363286,1217.4231959738777,-1.8467021502192529,-0.2670773676272136,0.1155837067830147,1,0.0637081682856302
2020-03-20,72,37,0.062251655629139,49.66581630706787,7189,2901.77,15,30,2,2,7,2,9.0,50.137078693934846,74.14285714285714,7968.142857142857,-0.4712623868669752,-2.142857142857139,-779.1428571428569,0.6854253373329151,5.241773600241709,1241.1860495203057,-0.6875473683256624,-0.408803833641027,-0.6277405852603487,1,0.025615688571835382
2020-03-21,74,40,0.0490081680280046,50.4773588180542,14653,3748.94,31,70,2,3,7,2,8.0,50.17521204267229,73.85714285714286,8772.0,0.3021467753819067,0.1428571428571388,5881.0,0.6975049724214621,5.177791402666219,2836.905767439825,0.4331822529278498,0.0275903627140283,2.073033255985562,1,0.05281514046017238
2020-03-22,74,35,0.0809898762654668,50.55702304840088,4773,2785.38,14,11,3,3,8,3,8.0,50.07716056278774,75.28571428571429,8034.285714285715,0.4798624856131397,-1.2857142857142918,-3261.2857142857147,0.5562628350013568,2.870208222080049,3138.8274198223426,0.8626542264179294,-0.4479515722321117,-1.0390140259671563,1,0.12196026015313388
2020-03-23,73,45,0.0782918149466192,50.543996810913086,5897,2854.75,13,31,3,3,8,3,6.0,50.08469499860491,74.85714285714286,7885.428571428572,0.4593018123081762,-1.8571428571428608,-1988.428571428572,0.5631213495050983,2.9680841985234188,3223.0072839478603,0.8156355867378065,-0.6257042364454365,-0.6169482090009261,1,0.10776441954589605
2020-03-24,76,42,0.0588832487309644,50.58268165588379,5439,2798.69,3,13,3,3,8,2,8.0,50.159458705357146,74.85714285714286,7526.428571428572,0.4232229505266431,1.1428571428571388,-2087.428571428572,0.5931349284267059,2.9680841985234188,3351.742574499763,0.7135357070426533,0.3850487608894972,-0.6227890492873289,1,0.034661258917193516
2020-03-25,71,66,0.0674157303370786,50.29405879974365,9121,3160.4,11,43,3,3,8,3,7.0,50.16468620300293,73.42857142857143,7914.714285714285,0.1293725967407226,-2.4285714285714306,1206.285714285715,0.5943027660514268,1.6183471874254765,3357.3371250782343,0.2176880272664382,-1.5006492101579805,0.3592983574021048,1,0.09533956660227927
2020-03-27,72,59,0.0969609261939218,50.23250770568848,11532,3383.74,28,65,2,2,6,2,8.0,50.33620616367885,73.14285714285714,8372.0,-0.1036984579903759,-1.1428571428571388,3160.0,0.3252085536169458,1.6761634196951327,3630.3802831108496,-0.3188675600227891,-0.6818291876725279,0.8704322284640154,1,0.007625948575622266
2020-03-28,67,5,0.0871261378413524,51.12517356872559,16448,3967.8,69,83,3,3,8,3,8.0,50.54468577248709,72.42857142857143,9694.714285714286,0.5804877962385007,-5.428571428571431,6753.285714285714,0.2896447235929103,2.87849166851572,4666.4269241139145,2.004137306690124,-1.8859083345447536,1.4472070010113922,1,0.02509118455212611
2020-03-29,62,55,0.0569620253164556,53.07050037384033,6698,2832.94,19,22,3,3,8,3,7.5,50.91513456617083,70.71428571428571,8558.285714285714,2.1553658076695044,-8.714285714285708,-1860.2857142857135,0.9931385196986462,4.750939756661663,4203.344926535126,2.1702569832086662,-1.8342235769390107,-0.4425727002659218,1,0.051127231931939354
2020-03-30,78,34,0.1364734299516908,52.17508316040039,4761,2696.81,6,8,3,3,8,3,7.0,51.14628601074219,71.28571428571429,8556.57142857143,1.0287971496582031,6.714285714285708,-3795.571428571429,1.0803667883721242,5.4072262055600335,4205.148069416141,0.9522665457056254,1.24172458466444,-0.9026011369674364,1,0.04681749453673828
